cell_type_ontology_term_id,cell_type,count
CL:0002319,neural cell,1502733
CL:0000222,mesodermal cell,1463106
CL:0000679,glutamatergic neuron,1122740
CL:0000038,erythroid progenitor cell,1033409
CL:0000540,neuron,885024
CL:0011010,lateral mesodermal cell,745494
CL:0000057,fibroblast,729131
CL:0010011,cerebral cortex GABAergic interneuron,603448
CL:0000617,GABAergic neuron,513186
CL:0001031,cerebellar granule cell,501037
CL:4023048,L4/5 intratelencephalic projecting glutamatergic neuron of the primary motor cortex,347109
CL:0000138,chondrocyte,300649
CL:0000182,hepatocyte,300361
CL:0000127,astrocyte,228718
CL:0000115,endothelial cell,201189
CL:4023040,L2/3-6 intratelencephalic projecting glutamatergic neuron,198449
CL:0000312,keratinocyte,189185
CL:0000056,myoblast,189151
CL:4023042,L6 corticothalamic-projecting glutamatergic cortical neuron,176719
CL:0000128,oligodendrocyte,142462
CL:0011020,neural progenitor cell,140073
CL:0008019,mesenchymal cell,139567
CL:0000062,osteoblast,136059
CL:0000066,epithelial cell,132603
CL:0000235,macrophage,121054
CL:0000236,B cell,115934
CL:0002453,oligodendrocyte precursor cell,112510
CL:0002672,retinal progenitor cell,110254
CL:0002361,primitive erythroid progenitor,108613
CL:0002076,endo-epithelial cell,105092
CL:0000084,T cell,104855
CL:0002306,epithelial cell of proximal tubule,94295
CL:0000740,retinal ganglion cell,92747
CL:0002555,fibroblast of mammary gland,90065
CL:0000129,microglial cell,86747
CL:4023050,L6 intratelencephalic projecting glutamatergic neuron of the primary motor cortex,83902
CL:0000695,Cajal-Retzius cell,82118
CL:4023068,thalamic excitatory neuron,81788
CL:0000449,brown adipocyte,80279
CL:0002375,Schwann cell precursor,71412
CL:0000878,central nervous system macrophage,71139
CL:0002543,vein endothelial cell,68827
CL:0000169,type B pancreatic cell,68702
CL:2000030,hypothalamus cell,67989
CL:0000037,hematopoietic stem cell,67502
CL:0002608,hippocampal neuron,63766
CL:0000576,monocyte,61653
CL:0000121,Purkinje cell,61642
CL:4023017,sst GABAergic cortical interneuron,61058
CL:4030059,L2/3 intratelencephalic projecting glutamatergic neuron,55831
CL:4023016,VIP GABAergic cortical interneuron,55571
CL:0000136,adipocyte,54886
CL:4023011,lamp5 GABAergic cortical interneuron,52830
CL:2000032,peripheral nervous system neuron,51569
CL:0002334,preadipocyte,51227
CL:1001451,sensory neuron of dorsal root ganglion,48012
CL:4023018,pvalb GABAergic cortical interneuron,47109
CL:1000413,endothelial cell of artery,46407
CL:0000218,myelinating Schwann cell,46264
CL:0000186,myofibroblast cell,44012
CL:4030062,L4/5 intratelencephalic projecting glutamatergic neuron,43558
CL:0002372,myotube,43267
CL:0000751,rod bipolar cell,42723
CL:0002144,capillary endothelial cell,42423
CL:0002620,skin fibroblast,42301
CL:0002167,olfactory epithelial cell,41300
CL:4023041,L5 extratelencephalic projecting glutamatergic cortical neuron,40816
CL:0000775,neutrophil,40441
CL:0000889,myeloid suppressor cell,40123
CL:0000207,olfactory receptor cell,40019
CL:0000498,inhibitory interneuron,38715
CL:4023043,L5/6 near-projecting glutamatergic neuron of the primary motor cortex,38609
CL:4023038,L6b glutamatergic cortical neuron,37962
CL:0002324,basal-myoepithelial cell of mammary gland,37196
CL:0000604,retinal rod cell,36825
CL:0000091,Kupffer cell,36502
CL:0002215,type IIb muscle cell,36330
CL:0000134,mesenchymal stem cell,33070
CL:0000030,glioblast,32231
CL:4030064,L5 intratelencephalic projecting glutamatergic neuron,32230
CL:0002138,endothelial cell of lymphatic vessel,32229
CL:0017001,splanchnic mesodermal cell,32184
CL:1000398,endothelial cell of hepatic sinusoid,32094
CL:0000680,muscle precursor cell,32034
CL:0011001,spinal cord motor neuron,31398
CL:0000669,pericyte,31129
CL:0000809,"double-positive, alpha-beta thymocyte",30450
CL:0000094,granulocyte,29800
CL:4030027,GABAergic amacrine cell,29667
CL:0002491,auditory epithelial cell,29337
CL:0000499,stromal cell,29033
CL:1001016,kidney loop of Henle ascending limb epithelial cell,27385
CL:0000324,metanephric mesenchyme stem cell,26565
CL:0002063,pulmonary alveolar type 2 cell,25911
CL:0000126,macroglial cell,25784
CL:0000097,mast cell,25659
CL:4030009,epithelial cell of proximal tubule segment 1,25421
CL:1000849,kidney distal convoluted tubule epithelial cell,25086
CL:0000125,glial cell,24129
CL:0015000,cranial motor neuron,23754
CL:4023013,corticothalamic-projecting glutamatergic cortical neuron,23644
CL:0000065,ependymal cell,23633
CL:4033058,luminal hormone-sensing cell of mammary gland,23621
CL:0002340,luminal cell of prostate epithelium,23236
CL:0000501,granulosa cell,22610
CL:0000598,pyramidal neuron,22450
CL:0000077,mesothelial cell,22380
CL:1000123,metanephric nephron tubule epithelial cell,21669
CL:0002548,fibroblast of cardiac tissue,20844
CL:0002350,endocardial cell,20595
CL:0002188,glomerular endothelial cell,20585
CL:0000758,type 6 cone bipolar cell (sensu Mus),20289
CL:0002518,kidney epithelial cell,19913
CL:0002335,brown preadipocyte,19823
CL:0000561,amacrine cell,19710
CL:0000171,pancreatic A cell,19156
CL:0004215,type 5a cone bipolar cell,18843
CL:0000099,interneuron,18577
CL:0011103,sympathetic neuron,18369
CL:4030011,epithelial cell of proximal tubule segment 3,18192
CL:0002062,pulmonary alveolar type 1 cell,18064
CL:4023169,trigeminal neuron,17788
CL:0000644,Bergmann glial cell,17733
CL:1001431,kidney collecting duct principal cell,17013
CL:0002551,fibroblast of dermis,16806
CL:0002603,astrocyte of the cerebellum,16717
CL:4023015,sncg GABAergic cortical interneuron,16629
CL:0000625,"CD8-positive, alpha-beta T cell",16063
CL:4030010,epithelial cell of proximal tubule segment 2,15905
CL:0000759,type 7 cone bipolar cell (sensu Mus),15854
CL:0002187,basal cell of epidermis,15645
CL:0000623,natural killer cell,15635
CL:0000556,megakaryocyte,15196
CL:1001602,cerebral cortex endothelial cell,15179
CL:0000031,neuroblast (sensu Vertebrata),14320
CL:0002341,basal cell of prostate epithelium,14213
CL:4023047,L2/3 intratelencephalic projecting glutamatergic neuron of the primary motor cortex,13955
CL:0011011,intermediate mesodermal cell,13172
CL:0000515,skeletal muscle myoblast,12984
CL:0002131,regular ventricular cardiac myocyte,12480
CL:0000757,type 5 cone bipolar cell (sensu Mus),12059
CL:0000646,basal cell,12045
CL:0000071,blood vessel endothelial cell,11597
CL:0002536,epithelial cell of amnion,11509
CL:0004214,type 3b cone bipolar cell,11417
CL:0000990,conventional dendritic cell,10860
CL:0000815,regulatory T cell,10595
CL:0000573,retinal cone cell,10593
CL:0009099,fibro/adipogenic progenitor cell,10455
CL:0002325,lactocyte,10321
CL:1000768,kidney connecting tubule epithelial cell,10185
CL:1001474,medium spiny neuron,9950
CL:4033057,luminal adaptive secretory precursor cell of mammary gland,9934
CL:4030028,glycinergic amacrine cell,9869
CL:0002085,tanycyte,9737
CL:4030067,L5/6 near-projecting glutamatergic neuron,9728
CL:0002546,embryonic blood vessel endothelial progenitor cell,9693
CL:0002327,mammary gland epithelial cell,9604
CL:0004216,type 5b cone bipolar cell,9576
CL:0000706,choroid plexus epithelial cell,9441
CL:0000173,pancreatic D cell,9276
CL:1001430,urethra urothelial cell,8802
CL:2000008,microvascular endothelial cell,8768
CL:0002320,connective tissue cell,8646
CL:0000860,classical monocyte,8537
CL:0002436,mature CD4 single-positive thymocyte,8491
CL:2000004,pituitary gland cell,8490
CL:0011102,parasympathetic neuron,8353
CL:0000624,"CD4-positive, alpha-beta T cell",8342
CL:0000636,Mueller cell,8204
CL:4023051,vascular leptomeningeal cell,8175
CL:0000192,smooth muscle cell,8139
CL:0004213,type 3a cone bipolar cell,8114
CL:0002191,granulocytopoietic cell,8082
CL:0000653,podocyte,8035
CL:1001428,bladder urothelial cell,7964
CL:4030065,L6 intratelencephalic projecting glutamatergic neuron,7873
CL:0011113,spiral ganglion neuron,7844
CL:4030066,ureteric bud cell,7724
CL:0002094,interstitial cell of ovary,7531
CL:0000232,erythrocyte,7442
CL:0000158,club cell,7234
CL:0000630,supporting cell,6927
CL:0000516,perineuronal satellite cell,6916
CL:0002362,cerebellar granule cell precursor,6802
CL:1001609,muscle fibroblast,6768
CL:0000810,"CD4-positive, alpha-beta thymocyte",6724
CL:0002570,mesenchymal stem cell of adipose tissue,6626
CL:0000928,"activated CD4-negative, CD8-negative type I NK T cell",6621
CL:0002064,pancreatic acinar cell,6535
CL:0001065,innate lymphoid cell,6524
CL:0000221,ectodermal cell,6330
CL:0000388,tendon cell,6299
CL:0000034,stem cell,6239
CL:0000586,germ cell,6209
CL:0002671,endothelial stalk cell,6142
CL:0000738,leukocyte,6120
CL:2000018,endothelial cell of coronary artery,5987
CL:0008031,cortical interneuron,5927
CL:0000786,plasma cell,5707
CL:0000811,"CD8-positive, alpha-beta thymocyte",5686
CL:0002428,double-positive blast,5593
CL:0009012,transit amplifying cell of small intestine,5442
CL:0000746,cardiac muscle cell,5439
CL:1000334,enterocyte of epithelium of small intestine,5383
CL:0002410,pancreatic stellate cell,5380
CL:1001567,lung endothelial cell,5308
CL:0002129,regular atrial cardiac myocyte,5117
CL:0002212,type II muscle cell,5057
CL:0008011,skeletal muscle satellite stem cell,4856
CL:0007011,enteric neuron,4787
CL:0000594,skeletal muscle satellite cell,4780
CL:0000210,photoreceptor cell,4703
CL:0000547,proerythroblast,4677
CL:0002539,aortic smooth muscle cell,4631
CL:0008034,mural cell,4593
CL:1000507,kidney tubule cell,4572
CL:4052026,type IIx muscle cell,4554
CL:1000838,kidney proximal convoluted tubule epithelial cell,4460
CL:0002598,bronchial smooth muscle cell,4456
CL:0000763,myeloid cell,4427
CL:0011026,progenitor cell,4351
CL:0000988,hematopoietic cell,4251
CL:0002437,mature CD8 single-positive thymocyte,4234
CL:0002477,adipose macrophage,4190
CL:0000359,vascular associated smooth muscle cell,4144
CL:2000043,brain pericyte,4101
CL:0000788,naive B cell,4018
CL:1001319,bladder cell,4015
CL:0000119,cerebellar Golgi cell,3989
CL:0000814,mature NK T cell,3966
CL:1001597,seminal vesicle glandular cell,3955
CL:0011028,olfactory ensheathing cell,3947
CL:0000058,chondroblast,3928
CL:0000559,promonocyte,3842
CL:1001108,kidney loop of Henle medullary thick ascending limb epithelial cell,3840
CL:0002621,gingival epithelial cell,3773
CL:4028002,alveolar capillary type 1 endothelial cell,3772
CL:0002586,retinal pigment epithelial cell,3765
CL:0000808,DN4 thymocyte,3756
CL:0007005,notochordal cell,3752
CL:1001021,kidney loop of Henle descending limb epithelial cell,3693
CL:0000451,dendritic cell,3677
CL:0002071,enterocyte of epithelium of large intestine,3667
CL:0002214,type IIa muscle cell,3658
CL:0000187,muscle cell,3652
CL:1001109,kidney loop of Henle cortical thick ascending limb epithelial cell,3600
CL:0000748,retinal bipolar neuron,3579
CL:0002139,endothelial cell of vascular tree,3531
CL:0000148,melanocyte,3530
CL:0000893,thymocyte,3517
CL:1001432,kidney collecting duct intercalated cell,3505
CL:1000909,kidney loop of Henle epithelial cell,3484
CL:4033054,perivascular cell,3475
CL:0002489,double negative thymocyte,3366
CL:0000092,osteoclast,3323
CL:0008024,pancreatic endocrine cell,3261
CL:0000792,"CD4-positive, CD25-positive, alpha-beta regulatory T cell",3222
CL:0002337,keratinocyte stem cell,3057
CL:0002099,type I cell of adrenal cortex,3048
CL:4030006,fallopian tube secretory epithelial cell,2972
CL:0002275,pancreatic PP cell,2934
CL:0000765,erythroblast,2918
CL:0000760,type 8 cone bipolar cell (sensu Mus),2862
CL:0000761,type 9 cone bipolar cell (sensu Mus),2811
CL:0000527,efferent neuron,2807
CL:0000050,megakaryocyte-erythroid progenitor cell,2792
CL:0000145,professional antigen presenting cell,2755
CL:0002326,luminal epithelial cell of mammary gland,2671
CL:0002079,pancreatic ductal cell,2662
CL:0000784,plasmacytoid dendritic cell,2546
CL:0000798,gamma-delta T cell,2478
CL:0002201,renal beta-intercalated cell,2447
CL:0002573,Schwann cell,2412
CL:0000708,leptomeningeal cell,2404
CL:4023181,hypendymal cell,2389
CL:1000452,parietal epithelial cell,2310
CL:0000024,oogonial cell,2272
CL:0000362,epidermal cell,2227
CL:4023121,sst chodl GABAergic cortical interneuron,2226
CL:0000864,tissue-resident macrophage,2223
CL:2000059,prostate gland microvascular endothelial cell,2182
CL:0000670,primordial germ cell,2157
CL:0008001,hematopoietic precursor cell,2144
CL:0002553,fibroblast of lung,2109
CL:0002293,epithelial cell of thymus,2102
CL:0000542,lymphocyte,1996
CL:1000299,fibroblast of connective tissue of prostate,1988
CL:0002253,epithelial cell of large intestine,1933
CL:0002250,intestinal crypt stem cell,1918
CL:4030032,valve interstitial cell,1876
CL:4023059,committed oligodendrocyte precursor,1865
CL:0002393,intermediate monocyte,1852
CL:0000753,type 1 cone bipolar cell (sensu Mus),1795
CL:0002420,immature T cell,1784
CL:0000817,precursor B cell,1771
CL:0000766,myeloid leukocyte,1771
CL:0019031,intestine goblet cell,1745
CL:1000320,large intestine goblet cell,1745
CL:0002538,intrahepatic cholangiocyte,1742
CL:4028004,alveolar type 1 fibroblast cell,1738
CL:0000583,alveolar macrophage,1722
CL:0000349,extraembryonic cell,1660
CL:0000503,theca cell,1637
CL:1001107,kidney loop of Henle thin ascending limb epithelial cell,1610
CL:0002224,lens epithelial cell,1605
CL:0002257,epithelial cell of thyroid gland,1578
CL:0000898,naive T cell,1568
CL:1001106,kidney loop of Henle thick ascending limb epithelial cell,1554
CL:0000216,Sertoli cell,1493
CL:0005011,renal alpha-intercalated cell,1488
CL:0002355,primitive red blood cell,1481
CL:0008002,skeletal muscle fiber,1454
CL:0004232,starburst amacrine cell,1426
CL:0000816,immature B cell,1415
CL:0000875,non-classical monocyte,1398
CL:0000083,epithelial cell of pancreas,1323
CL:0000015,male germ cell,1302
CL:0000666,fenestrated endothelial cell,1295
CL:4030007,fallopian tube multiciliated epithelial cell,1272
CL:2000084,conjunctiva goblet cell,1244
CL:1000495,small intestine goblet cell,1233
CL:4023161,unipolar brush cell,1208
CL:1001603,lung macrophage,1166
CL:4033069,cycling T cell,1150
CL:4033053,small bistratified retinal ganglion cell,1133
CL:0000745,retina horizontal cell,1112
CL:0011019,mesothelial cell of epicardium,1102
CL:0000234,phagocyte,1099
CL:0000575,corneal epithelial cell,1078
CL:0002216,intermediate muscle cell,1057
CL:2000064,ovarian surface epithelial cell,1031
CL:0009080,tuft cell of small intestine,970
CL:0002048,late pro-B cell,943
CL:0002376,non-myelinating Schwann cell,928
CL:0000595,enucleate erythrocyte,928
CL:0002329,basal epithelial cell of tracheobronchial tree,925
CL:0000866,thymic macrophage,908
CL:0000021,female germ cell,891
CL:0000844,germinal center B cell,868
CL:0000881,perivascular macrophage,830
CL:0002503,adventitial cell,815
CL:4052024,myotendinous junction nucleus,813
CL:1000615,kidney cortex tubule cell,810
CL:0002626,immature astrocyte,810
CL:0009002,inflammatory cell,771
CL:0000895,"naive thymus-derived CD4-positive, alpha-beta T cell",745
CL:0002565,iris pigment epithelial cell,725
CL:4030033,valve endothelial cell,718
CL:0000731,urothelial cell,715
CL:0000754,type 2 cone bipolar cell (sensu Mus),705
CL:1000493,mesothelial cell of visceral pleura,699
CL:0002394,CD141-positive myeloid dendritic cell,683
CL:0000650,mesangial cell,670
CL:0000151,secretory cell,667
CL:0000900,"naive thymus-derived CD8-positive, alpha-beta T cell",632
CL:4023120,cochlea auditory hair cell,625
CL:0000782,myeloid dendritic cell,618
CL:0000879,meningeal macrophage,583
CL:4028003,alveolar capillary type 2 endothelial cell,559
CL:1000487,smooth muscle cell of prostate,559
CL:4052030,adventitial fibroblast,547
CL:0000652,pinealocyte,540
CL:1001516,intestinal enteroendocrine cell,536
CL:1000454,kidney collecting duct epithelial cell,529
CL:0000078,peridermal cell,499
CL:0000394,plasmatocyte,496
CL:0000771,eosinophil,486
CL:0000756,type 4 cone bipolar cell (sensu Mus),480
CL:1000409,myocyte of sinoatrial node,468
CL:0002544,aortic endothelial cell,467
CL:0000178,Leydig cell,461
CL:0000000,cell,448
CL:0002211,type I muscle cell,443
CL:0009104,B cell zone reticular cell,434
CL:0002260,epithelial cell of parathyroid gland,433
CL:0009006,enteroendocrine cell of small intestine,432
CL:0002204,tuft cell,414
CL:0001066,"erythroid progenitor cell, mammalian",409
CL:0002370,respiratory tract goblet cell,408
CL:0000632,hepatic stellate cell,397
CL:0002461,CD103-positive dendritic cell,388
CL:4028006,alveolar adventitial fibroblast,384
CL:1001045,kidney cortex artery cell,381
CL:1001111,kidney loop of Henle thin descending limb epithelial cell,372
CL:0009110,lymphatic endothelial cell of medulla ceiling,364
CL:0000767,basophil,359
CL:0000135,fibrocyte,359
CL:0000787,memory B cell,345
CL:4052025,neuromuscular junction nucleus,344
CL:0000791,mature alpha-beta T cell,330
CL:0002576,perineurial cell,315
CL:1000147,cardiac valve cell,315
CL:0008046,extrafusal muscle fiber,311
CL:0001000,CD8-alpha-positive CD11b-negative dendritic cell,304
CL:0009005,salivary gland cell,296
CL:0009108,lymphatic endothelial cell of subcapsular sinus floor,283
CL:0002241,pulmonary interstitial fibroblast,272
CL:4023056,vascular leptomeningeal cell (Mmus),268
CL:0002600,smooth muscle cell of trachea,252
CL:0000557,granulocyte monocyte progenitor cell,250
CL:1001099,kidney efferent arteriole endothelial cell,242
CL:0000023,oocyte,237
CL:0001071,group 3 innate lymphoid cell,235
CL:0000743,hypertrophic chondrocyte,222
CL:0002483,hair follicle melanocyte,217
CL:0002591,smooth muscle cell of the pulmonary artery,209
CL:0000175,luteal cell,206
CL:0009107,lymphatic endothelial cell of subcapsular sinus ceiling,194
CL:0000188,cell of skeletal muscle,192
CL:0000983,IgM plasmablast,181
CL:4047054,migratory dendtritic cell,180
CL:0000064,ciliated cell,179
CL:0002203,tuft cell of large intestine,175
CL:0000049,common myeloid progenitor,175
CL:0000453,Langerhans cell,175
CL:1000428,stem cell of epidermis,171
CL:1001285,vasa recta descending limb cell,167
CL:4023072,brain vascular cell,166
CL:0000164,enteroendocrine cell,161
CL:1000892,kidney capillary endothelial cell,161
CL:0000152,exocrine cell,157
CL:0002399,CD1c-positive myeloid dendritic cell,153
CL:0002259,neuroepithelial stem cell,151
CL:4023065,meis2 expressing cortical GABAergic cell,150
CL:1000343,paneth cell of epithelium of small intestine,148
CL:0002009,macrophage dendritic cell progenitor,148
CL:0000807,DN3 thymocyte,146
CL:0001050,"effector CD8-positive, alpha-beta T cell",129
CL:0002145,multiciliated columnar cell of tracheobronchial tree,127
CL:0000897,"CD4-positive, alpha-beta memory T cell",124
CL:0002554,fibroblast of lymphatic vessel,123
CL:1000510,kidney glomerular epithelial cell,117
CL:0000047,neural stem cell,97
CL:1000839,kidney proximal straight tubule epithelial cell,95
CL:1000491,mesothelial cell of pleura,92
CL:0000459,noradrenergic cell,91
CL:0000899,T-helper 17 cell,91
CL:0000081,blood cell,88
CL:0000914,immature NK T cell,84
CL:0010022,cardiac neuron,81
CL:0009086,endothelial cell of respiratory system lymphatic vessel,79
CL:0002332,multiciliated epithelial cell of the bronchus,77
CL:0001069,group 2 innate lymphoid cell,74
CL:0000319,mucus secreting cell,73
CL:0002046,early pro-B cell,72
CL:0000764,erythroid lineage cell,71
CL:0001044,"effector CD4-positive, alpha-beta T cell",58
CL:0009115,lymph node lymphatic vessel endothelial cell,52
CL:0000322,pulmonary alveolar epithelial cell,50
CL:0000165,neuroendocrine cell,48
CL:1000850,macula densa epithelial cell,46
CL:1001096,kidney afferent arteriole endothelial cell,36
CL:0000100,motor neuron,35
CL:0002633,respiratory basal cell,34
CL:0002193,myelocyte,32
CL:4033043,lung interstitial macrophage,31
CL:1000692,kidney interstitial fibroblast,16
CL:0000841,mature conventional dendritic cell,14
CL:0000838,lymphoid lineage restricted progenitor cell,13
CL:1000223,pulmonary neuroendocrine cell,8
CL:4033056,onychocyte,5
CL:1000497,kidney cell,3
CL:0000068,duct epithelial cell,2
